<?xml version="1.0" encoding="utf-16"?>
<Users>
  <User username="mgraveson">
    <TotalSpent>72.48</TotalSpent>
  </User>
  <User username="vsjollema">
    <TotalSpent>69.98</TotalSpent>
  </User>
  <User username="bcorcut">
    <TotalSpent>52.48</TotalSpent>
  </User>
  <User username="atobin">
    <TotalSpent>49.99</TotalSpent>
  </User>
  <User username="aruthven">
    <TotalSpent>45.98</TotalSpent>
  </User>
  <User username="asikorsky">
    <TotalSpent>44.99</TotalSpent>
  </User>
  <User username="kmertgen">
    <TotalSpent>44.99</TotalSpent>
  </User>
  <User username="kcarroll">
    <TotalSpent>37.99</TotalSpent>
  </User>
  <User username="nparadyce">
    <TotalSpent>31.99</TotalSpent>
  </User>
  <User username="gsmallthwaite">
    <TotalSpent>29.99</TotalSpent>
  </User>
  <User username="kroderighi">
    <TotalSpent>29.99</TotalSpent>
  </User>
  <User username="cgara">
    <TotalSpent>29.98</TotalSpent>
  </User>
  <User username="hrichardson">
    <TotalSpent>27.99</TotalSpent>
  </User>
  <User username="spaprotny">
    <TotalSpent>19.18</TotalSpent>
  </User>
  <User username="mgillicuddy">
    <TotalSpent>18.99</TotalSpent>
  </User>
  <User username="wskep">
    <TotalSpent>12.59</TotalSpent>
  </User>
  <User username="lsilbert">
    <TotalSpent>12.49</TotalSpent>
  </User>
  <User username="aputland">
    <TotalSpent>9.99</TotalSpent>
  </User>
  <User username="bgraith">
    <TotalSpent>9.99</TotalSpent>
  </User>
  <User username="cbelchamber">
    <TotalSpent>9.99</TotalSpent>
  </User>
  <User username="klife">
    <TotalSpent>9.99</TotalSpent>
  </User>
  <User username="svannini">
    <TotalSpent>9.99</TotalSpent>
  </User>
  <User username="bgunston">
    <TotalSpent>0</TotalSpent>
  </User>
  <User username="ehellard">
    <TotalSpent>0</TotalSpent>
  </User>
  <User username="fdedam">
    <TotalSpent>0</TotalSpent>
  </User>
  <User username="fstoter">
    <TotalSpent>0</TotalSpent>
  </User>
  <User username="mdickson">
    <TotalSpent>0</TotalSpent>
  </User>
  <User username="rabbison">
    <TotalSpent>0</TotalSpent>
  </User>
</Users>